{"Lungs":{"1":[0,-0.093977442047076],"2":[0.196850347079006,0.055216853469791],"3":[0.322751322751323,0.711399703830868],"4":[0.420230843829101,0.133534151843195],"5":[0.537925944267323,-0.157358670686589],"6":[0.658811043494593,0.760121549878802],"7":[0.798665234651515,-0.229777331476088],"8":[0.970046661833607,-0.584416321345738]},"Interarytenoid":{"1":[0,-0.000724073939782],"2":[0.337363885357292,0.021652297024047],"3":[0.744492855240529,0.37967423244532],"4":[1,0.148967972049465]},"Cricothyroid":{"1":[0,0.085484180595182],"2":[0.344463068972189,0.269670806921922],"3":[0.795754715563759,-0.081742500329947],"4":[0.994945511300728,0.225362169278132]},"Vocalis":{"1":[0,0.304826163824609],"2":[0.509417946691866,0.488158201242422],"3":[0.973159018016997,0.087852614266532]},"Thyroarytenoid":{"1":[0,0.005723459420845],"2":[0.649473974944422,0.732619643211365],"3":[0.999254497965026,0.038957093243486]},"PosteriorCricoarytenoid":{"1":[0,-0.240205430866694],"2":[0.185185185185185,0.191919184350348],"3":[0.206349206349206,0.139971132402296],"4":[0.325788931871848,0.298701298701299],"5":[0.349206349206349,-0.197691205260041],"6":[0.425384329740333,-0.411765423688022],"7":[0.465608465608466,0.50360749603866],"8":[0.603174603174603,0.191919184350348],"9":[1,0.072190727066126]},"LateralCricoarytenoid":{"1":[0,0.005723459420845],"2":[0.100126748529224,0.032310366478958],"3":[1,0.112071087653295]},"Stylohyoid":{"1":[0,0.057294935375065],"2":[0.322676575688458,0.561496637084267],"3":[0.345411184320583,-0.25349888439575],"4":[0.58722685127662,-0.248281853539603],"5":[0.873563620148512,0.347592884844],"6":[0.988720798933947,-0.217724174648136]},"Sternohyoid":{"1":[0,-0.020863447637267],"2":[0.287258643312297,0.151951448240463],"3":[1,0.025663639714429]},"Thyropharyngeus":{"1":[0,0.019016912949901],"2":[0.494520263829008,-0.346553059099144],"3":[1,-0.014216720872739]},"LowerConstrictor":{"1":[0,0.098777634124239],"2":[0.350630002103378,0.577341961170261],"3":[1,0.038957093243486]},"MiddleConstrictor":{"1":[0,-0.248281853539603],"2":[0.234324920086806,-0.147151256163301],"3":[0.453395535390844,0.699006192095868],"4":[0.777080578463418,-0.156608816865203],"5":[0.907799538165804,0.301756366506799],"6":[1,-0.248281853539603]},"UpperConstrictor":{"1":[0,0.2317121694148],"2":[1,0.19847853559216]},"Sphincter":{"1":[0,0.092130907359711],"2":[1,0.045603820008014]},"Hyoglossus":{"1":[0,-0.08068398851802],"2":[1,-0.027510174401795]},"Styloglossus":{"1":[0,0.105424360888767],"2":[0.314098277623814,0.225065442650272],"3":[1,0.025663639714429]},"Genioglossus":{"1":[0,0.072190727066126],"2":[1,0.032310366478958]},"UpperTongue":{"1":[0,0.052250546772542],"2":[1,0.05889727353707]},"LowerTongue":{"1":[0,-0.04745035469538],"2":[0.997763407169942,0.038957093243486]},"TransverseTongue":{"1":[0,0.038957093243486],"2":[1,0.038957093243486]},"VerticalTongue":{"1":[0,0.032310366478958],"2":[1,0.052250546772542]},"Risorius":{"1":[0,0.085484180595182],"2":[1,0.032310366478958]},"OrbicularisOris":{"1":[0,-0.034156901166323],"2":[1,0.038957093243486]},"LevatorPalatini":{"1":[0,0.138657994711407],"2":[0.352121092898462,-0.39308014645084],"3":[1,0.098777634124239]},"TensorPalatini":{"1":[0,0.103131453712265],"2":[0.244867671103705,0.118410293157999],"3":[0.437113268218264,-0.100624168811604],"4":[0.605900988376961,0.958746462673336],"5":[1,-0.599695160791471]},"Masseter":{"1":[0,-0.508022124117071],"2":[0.223081177819974,0.576775476530001],"3":[0.426675632652674,-0.04745035469538],"4":[0.693046961511884,0.087852614266532],"5":[1,-0.431627926888404]},"Mylohyoid":{"1":[0,0.018504700103363],"2":[0.258325508662633,0.355545509551659],"3":[0.497092950237736,0.35729786148149],"4":[1,-0.000593848042674]},"LateralPterygoid":{"1":[0,0.105424360888767],"2":[0.474274512397673,0.055216853469791],"3":[0.998508952567484,0.05889727353707]},"Buccinator":{"1":[0.008611959347405,0.101824115614567],"2":[0.190997817972616,0.23660740046434],"3":[0.690449186671958,0.413238788891064],"4":[1,1]}}