{"muscles":{"Lungs":{"times":[0.003542148944744,0.174896603334086,0.433897876347861,0.793348312279526,0.859329625176571,0.895767066627178,0.95879399237958,1],"values":[0.200221647920449,0.034124053586796,-0.012964832524538,0.002731462845906,0.002731462845906,-0.107142604747207,0,0]},"Interarytenoid":{"times":[0,1],"values":[0.495416022898396,0.495416022898396]},"Cricothyroid":{"times":[0,1],"values":[0,0]},"Vocalis":{"times":[0,0.354129423442477,0.515635920683006,1],"values":[0,0,-0.530942579749217,0]},"Thyroarytenoid":{"times":[0,1],"values":[0,0]},"PosteriorCricoarytenoid":{"times":[0,1],"values":[0,0]},"LateralCricoarytenoid":{"times":[0,1],"values":[0,0]},"Stylohyoid":{"times":[0,1],"values":[0,0]},"Sternohyoid":{"times":[0,0.194592517631711,0.318676777706752,1],"values":[0,0.834635117479481,0.002731462845906,0]},"Thyropharyngeus":{"times":[0,1],"values":[0,0]},"LowerConstrictor":{"times":[0,1],"values":[0,0]},"MiddleConstrictor":{"times":[0,1],"values":[0,0]},"UpperConstrictor":{"times":[0,1],"values":[0,0]},"Sphincter":{"times":[0,1],"values":[0,0]},"Hyoglossus":{"times":[0,0.438821854922267,0.528438264976463,1],"values":[0,0.960205480443039,-0.295498149192545,0]},"Styloglossus":{"times":[0,1],"values":[0,0]},"Genioglossus":{"times":[0,1],"values":[0,0]},"UpperTongue":{"times":[0,1],"values":[0,0]},"LowerTongue":{"times":[0,1],"values":[0,0]},"TransverseTongue":{"times":[0,1],"values":[0,0]},"VerticalTongue":{"times":[0,1],"values":[0,0]},"Risorius":{"times":[0,1],"values":[0,0]},"OrbicularisOris":{"times":[0,0.213303636214455,1],"values":[0,0.065516644327686,0]},"LevatorPalatini":{"times":[0,1],"values":[0.466325957404847,0.466325957404847]},"TensorPalatini":{"times":[0,1],"values":[0.565066633336004,0.565066633336004]},"Masseter":{"times":[0,0.25,1],"values":[0,0.7,0]},"Mylohyoid":{"times":[0,1],"values":[0,0]},"LateralPterygoid":{"times":[0,1],"values":[0,0]},"Buccinator":{"times":[0,1],"values":[0,0]}},"speaker":"female","tubes":10,"duration":8,"samplerate":44100,"oversampling":100,"filename":"testPalatini1"}